antecedents,consequents,antecedent support,consequent support,support,confidence,lift,representativity,leverage,conviction,zhangs_metric,jaccard,certainty,kulczynski
"frozenset({'Improve', 'Anxiety_Absent'})",frozenset({'Depression_Absent'}),0.15353260869565216,0.37771739130434784,0.11684782608695653,0.7610619469026549,2.0148978162602664,1.0,0.058855889650283565,2.604367954911434,0.5950576729254545,0.28196721311475414,0.6160296788654018,0.5352072324441333
frozenset({'Depression_Absent'}),"frozenset({'Improve', 'Anxiety_Absent'})",0.37771739130434784,0.15353260869565216,0.11684782608695653,0.30935251798561153,2.0148978162602664,1.0,0.058855889650283565,1.2256142436594206,0.8094343454859351,0.28196721311475414,0.1840825894661478,0.5352072324441333
frozenset({'Depression_Absent'}),frozenset({'Anxiety_Absent'}),0.37771739130434784,0.24048913043478262,0.18206521739130435,0.48201438848920863,2.0043084176726413,1.0,0.09122829040642721,1.4662779287439613,0.8052206217819201,0.41744548286604355,0.31800105532747325,0.619538267690932
frozenset({'Anxiety_Absent'}),frozenset({'Depression_Absent'}),0.24048913043478262,0.37771739130434784,0.18206521739130435,0.7570621468926554,2.0043084176726413,1.0,0.09122829040642721,2.561488877654196,0.6597335326943101,0.41744548286604355,0.6096020526484593,0.619538267690932
frozenset({'Depression_Absent'}),"frozenset({'Anxiety_Absent', 'Low-Medium'})",0.37771739130434784,0.16032608695652173,0.11684782608695653,0.30935251798561153,1.9295207901475433,1.0,0.05628987476370511,1.2157778532608696,0.7741444094648118,0.27741935483870966,0.17748131591813932,0.5190830386538228
"frozenset({'Anxiety_Absent', 'Low-Medium'})",frozenset({'Depression_Absent'}),0.16032608695652173,0.37771739130434784,0.11684782608695653,0.728813559322034,1.929520790147543,1.0,0.05628987476370511,2.2946671195652177,0.5737186723865433,0.27741935483870966,0.5642069424913035,0.5190830386538228
"frozenset({'Depression_Absent', 'Low-Medium'})",frozenset({'Anxiety_Absent'}),0.25679347826086957,0.24048913043478262,0.11684782608695653,0.45502645502645506,1.8920874062117001,1.0,0.05509178579867675,1.3936655761924865,0.6343905446197016,0.30714285714285716,0.28246774758402665,0.47045108062057217
frozenset({'Anxiety_Absent'}),"frozenset({'Depression_Absent', 'Low-Medium'})",0.24048913043478262,0.25679347826086957,0.11684782608695653,0.4858757062146893,1.8920874062117001,1.0,0.05509178579867675,1.445577520305781,0.620772142946291,0.30714285714285716,0.30823495388301886,0.47045108062057217
frozenset({'Anxiety_Absent'}),"frozenset({'Improve', 'Depression_Absent'})",0.24048913043478262,0.2703804347826087,0.11684782608695653,0.4858757062146893,1.7970076370553332,1.0,0.051824270439508505,1.4191501433349258,0.5839539043973873,0.296551724137931,0.2953529232290713,0.4590182551173949
"frozenset({'Improve', 'Depression_Absent'})",frozenset({'Anxiety_Absent'}),0.2703804347826087,0.24048913043478262,0.11684782608695653,0.4321608040201005,1.797007637055333,1.0,0.051824270439508505,1.33754569065025,0.6078775280412281,0.296551724137931,0.2523619888350518,0.4590182551173949
"frozenset({'Depression_Present', 'Improve'})","frozenset({'High Hours', 'Anxiety_Present'})",0.47690217391304346,0.28940217391304346,0.19157608695652173,0.4017094017094017,1.3880662894747404,1.0,0.05355956108223062,1.1877135093167703,0.5344570323293727,0.3333333333333333,0.15804611789315426,0.5318406163476586
"frozenset({'High Hours', 'Anxiety_Present'})","frozenset({'Depression_Present', 'Improve'})",0.28940217391304346,0.47690217391304346,0.19157608695652173,0.6619718309859155,1.3880662894747402,1.0,0.05355956108223062,1.5474977355072466,0.39343395305317114,0.3333333333333333,0.35379550027437356,0.5318406163476586
"frozenset({'Improve', 'Anxiety_Present'})","frozenset({'Depression_Present', 'High Hours'})",0.59375,0.24864130434782608,0.19157608695652173,0.3226544622425629,1.2976704055220016,1.0,0.0439453125,1.1092694256756757,0.5646481178396073,0.29436325678496866,0.09850575806605115,0.5465731327606257
"frozenset({'Depression_Present', 'High Hours'})","frozenset({'Improve', 'Anxiety_Present'})",0.24864130434782608,0.59375,0.19157608695652173,0.7704918032786885,1.2976704055220016,1.0,0.0439453125,1.7700892857142854,0.30529798776499556,0.29436325678496866,0.4350567465321563,0.5465731327606257
"frozenset({'High Hours', 'Anxiety_Present'})",frozenset({'Depression_Present'}),0.28940217391304346,0.6222826086956522,0.23369565217391305,0.807511737089202,1.2976607827459665,1.0,0.05360571242911155,1.9622879109225884,0.3228022588821203,0.34468937875751504,0.4903907859627793,0.5915287943087931
frozenset({'Depression_Present'}),"frozenset({'High Hours', 'Anxiety_Present'})",0.6222826086956522,0.28940217391304346,0.23369565217391305,0.37554585152838427,1.2976607827459663,1.0,0.05360571242911155,1.1379503648525389,0.6072862640120464,0.34468937875751504,0.12122704918717177,0.5915287943087931
"frozenset({'Improve', 'High Hours', 'Anxiety_Present'})",frozenset({'Depression_Present'}),0.23777173913043478,0.6222826086956522,0.19157608695652173,0.8057142857142857,1.294772301933874,1.0,0.04361486885633267,1.9441336317135547,0.2986814325988292,0.2865853658536585,0.48563206577595064,0.5567872738615096
frozenset({'Depression_Present'}),"frozenset({'Improve', 'High Hours', 'Anxiety_Present'})",0.6222826086956522,0.23777173913043478,0.19157608695652173,0.30786026200873357,1.2947723019338737,1.0,0.04361486885633267,1.1012635440954601,0.6027348334098676,0.2865853658536585,0.09195214409701943,0.5567872738615096
"frozenset({'Rock', 'Improve', 'Anxiety_Present'})",frozenset({'Depression_Present'}),0.1453804347826087,0.6222826086956522,0.11548913043478261,0.794392523364486,1.2765783781577764,1.0,0.02502141422495273,1.8370800395256912,0.25351164313102015,0.1770833333333333,0.455657903583675,0.48999102150757046
frozenset({'Depression_Present'}),"frozenset({'Rock', 'Improve', 'Anxiety_Present'})",0.6222826086956522,0.1453804347826087,0.11548913043478261,0.185589519650655,1.2765783781577764,1.0,0.02502141422495273,1.0493720130551345,0.5735928903935673,0.1770833333333333,0.04704910407453431,0.48999102150757046
"frozenset({'Rock', 'Improve', 'Depression_Present'})",frozenset({'Anxiety_Present'}),0.11956521739130435,0.7595108695652174,0.11548913043478261,0.9659090909090908,1.2717515043096437,1.0,0.02467804820415878,7.054347826086939,0.24270152505446613,0.15124555160142347,0.8582434514637901,0.5589831679947959
frozenset({'Anxiety_Present'}),"frozenset({'Rock', 'Improve', 'Depression_Present'})",0.7595108695652174,0.11956521739130435,0.11548913043478261,0.1520572450805009,1.2717515043096437,1.0,0.02467804820415878,1.0383186571271326,0.888534396809571,0.15124555160142347,0.03690452527661829,0.5589831679947959
"frozenset({'Depression_Present', 'Improve', 'High Hours'})",frozenset({'Anxiety_Present'}),0.1983695652173913,0.7595108695652174,0.19157608695652173,0.9657534246575342,1.2715465483863062,1.0,0.04091224598298676,7.0222826086956465,0.2664022118043034,0.25,0.8575961612878259,0.6089947803073001
frozenset({'Anxiety_Present'}),"frozenset({'Depression_Present', 'Improve', 'High Hours'})",0.7595108695652174,0.1983695652173913,0.19157608695652173,0.2522361359570662,1.2715465483863062,1.0,0.04091224598298676,1.0720368733097565,0.8880073726810114,0.25,0.06719626451593341,0.6089947803073001
frozenset({'Depression_Present'}),"frozenset({'Rock', 'Anxiety_Present'})",0.6222826086956522,0.1983695652173913,0.15353260869565216,0.2467248908296943,1.2437638332236645,1.0,0.030090678166351595,1.0641934467548833,0.5188769338511491,0.230142566191446,0.060321219746872885,0.5103487467847101
"frozenset({'Rock', 'Anxiety_Present'})",frozenset({'Depression_Present'}),0.1983695652173913,0.6222826086956522,0.15353260869565216,0.773972602739726,1.2437638332236645,1.0,0.030090678166351595,1.6711133069828719,0.2444877756112194,0.230142566191446,0.4015965309943825,0.5103487467847101
frozenset({'Anxiety_Present'}),"frozenset({'Depression_Present', 'High Hours'})",0.7595108695652174,0.24864130434782608,0.23369565217391305,0.3076923076923077,1.2374947456914671,1.0,0.0448498788988658,1.085295893719807,0.7980225988700567,0.30175438596491233,0.07859229378216723,0.6237915090374107
"frozenset({'Depression_Present', 'High Hours'})",frozenset({'Anxiety_Present'}),0.24864130434782608,0.7595108695652174,0.23369565217391305,0.9398907103825137,1.2374947456914671,1.0,0.0448498788988658,4.000864624505931,0.2554249547920434,0.30175438596491233,0.7500540273532773,0.6237915090374107
"frozenset({'Depression_Present', 'Improve'})","frozenset({'Rock', 'Anxiety_Present'})",0.47690217391304346,0.1983695652173913,0.11548913043478261,0.24216524216524218,1.2207782070795772,1.0,0.020886253544423444,1.0577905361229158,0.345729564553094,0.20631067961165048,0.05463325124342077,0.41217851149358
"frozenset({'Rock', 'Anxiety_Present'})","frozenset({'Depression_Present', 'Improve'})",0.1983695652173913,0.47690217391304346,0.11548913043478261,0.5821917808219178,1.220778207079577,1.0,0.020886253544423444,1.252004632929437,0.2256031904287139,0.20631067961165048,0.20128091086995198,0.41217851149358
frozenset({'Anxiety_Present'}),"frozenset({'Depression_Present', 'Improve'})",0.7595108695652174,0.47690217391304346,0.44021739130434784,0.5796064400715564,1.2153570937112976,1.0,0.07800500649810965,1.2443050416281223,0.7368173258003767,0.5529010238907851,0.19633854517575455,0.7513416815742398
"frozenset({'Depression_Present', 'Improve'})",frozenset({'Anxiety_Present'}),0.47690217391304346,0.7595108695652174,0.44021739130434784,0.9230769230769231,1.2153570937112976,1.0,0.07800500649810965,3.1263586956521756,0.33874458874458874,0.5529010238907851,0.6801390699695786,0.7513416815742398
frozenset({'Anxiety_Present'}),"frozenset({'Rock', 'Depression_Present'})",0.7595108695652174,0.1671195652173913,0.15353260869565216,0.20214669051878353,1.2095932050554852,1.0,0.026603482396030248,1.0439017108598168,0.7205139743012852,0.1985940246045694,0.04205540656088856,0.5604229387553268
"frozenset({'Rock', 'Depression_Present'})",frozenset({'Anxiety_Present'}),0.1671195652173913,0.7595108695652174,0.15353260869565216,0.9186991869918699,1.2095932050554852,1.0,0.026603482396030248,2.958016304347826,0.20804400236758147,0.1985940246045694,0.6619356024068715,0.5604229387553268
"frozenset({'Depression_Absent', 'Anxiety_Present'})","frozenset({'Improve', 'Low-Medium'})",0.1956521739130435,0.453804347826087,0.10733695652173914,0.5486111111111112,1.208915502328676,1.0,0.018549149338374288,1.2100334448160537,0.21484775915155657,0.19799498746867167,0.17357656163626317,0.3925690286094478
"frozenset({'Improve', 'Low-Medium'})","frozenset({'Depression_Absent', 'Anxiety_Present'})",0.453804347826087,0.1956521739130435,0.10733695652173914,0.23652694610778444,1.208915502328676,1.0,0.018549149338374288,1.053537936913896,0.3163927199445808,0.19799498746867167,0.050817284350218477,0.3925690286094478
frozenset({'No effect'}),frozenset({'Depression_Absent'}),0.2296195652173913,0.37771739130434784,0.10461956521739131,0.455621301775148,1.2062492018219744,1.0,0.017888262051039702,1.1431060964083177,0.22194736480450772,0.20810810810810815,0.1251905635513295,0.3662998595206675
frozenset({'Depression_Absent'}),frozenset({'No effect'}),0.37771739130434784,0.2296195652173913,0.10461956521739131,0.27697841726618705,1.2062492018219744,1.0,0.017888262051039702,1.0655012978585334,0.27476889922304776,0.20810810810810815,0.06147462981995357,0.3662998595206675
